target_sku;platform;api_sku;status;note;api_revenue;api_units;api_name;all_platforms;source_modes;first_date;last_date
"";"ozon";"sustalit_75ml";"active";"API without registry pair; Ozon";"799420";"1471";"sustalit_75ml";"WB, Ozon, ?.??????";"wb-api-direct-sku, ozon-api-direct-sku, yandex-market-api-direct-sku";"2026-05-01";"2026-05-15"
"";"ozon";"kavmaz";"active";"API without registry pair; Ozon";"467452";"927";"kavmaz";"WB, Ozon, ?.??????";"wb-api-direct-sku, ozon-api-direct-sku, yandex-market-api-direct-sku";"2026-05-01";"2026-05-15"
"";"ozon";"uromax";"active";"API without registry pair; Ozon";"318419";"440";"uromax";"WB, Ozon, ?.??????";"wb-api-direct-sku, ozon-api-direct-sku, yandex-market-api-direct-sku";"2026-05-01";"2026-05-15"
"";"ozon";"activeprost";"active";"API without registry pair; Ozon";"316067";"706";"activeprost";"WB, Ozon";"wb-api-direct-sku, ozon-api-direct-sku";"2026-05-01";"2026-05-15"
"";"ozon";"artoks";"active";"API without registry pair; Ozon";"298757";"436";"artoks";"WB, Ozon";"wb-api-direct-sku, ozon-api-direct-sku";"2026-05-01";"2026-05-15"
"";"wb";"sustalit_75ml";"active";"API without registry pair; WB";"293717";"348";"sustalit_75ml";"WB, Ozon, ?.??????";"wb-api-direct-sku, ozon-api-direct-sku, yandex-market-api-direct-sku";"2026-05-01";"2026-05-15"
"";"wb";"kavmaz_60ml";"active";"API without registry pair; WB";"282552";"245";"kavmaz_60ml";"WB, Ozon, ?.??????";"wb-api-direct-sku, ozon-api-direct-sku, yandex-market-api-direct-sku";"2026-05-01";"2026-05-15"
"";"ozon";"vetonus";"active";"API without registry pair; Ozon";"279615";"950";"vetonus";"WB, Ozon, ?.??????";"wb-api-direct-sku, ozon-api-direct-sku, yandex-market-api-direct-sku";"2026-05-01";"2026-05-15"
"";"wb";"artoks";"active";"API without registry pair; WB";"258929";"303";"artoks";"WB, Ozon";"wb-api-direct-sku, ozon-api-direct-sku";"2026-05-01";"2026-05-15"
"";"ozon";"trezvin";"active";"API without registry pair; Ozon";"246981";"502";"trezvin";"Ozon, ?.??????";"ozon-api-direct-sku, yandex-market-api-direct-sku";"2026-05-01";"2026-05-15"
"";"ya";"urofol";"active";"API without registry pair; Yandex Market";"243762";"270";"urofol";"Ozon, ?.??????";"ozon-api-direct-sku, yandex-market-api-direct-sku";"2026-05-01";"2026-05-15"
"";"ozon";"kardicin_1_1_1";"active";"API without registry pair; Ozon";"240294";"165";"kardicin_1_1_1";"Ozon, ?.??????";"ozon-api-direct-sku, yandex-market-api-direct-sku";"2026-05-01";"2026-05-15"
"";"ozon";"uromax_1_1";"active";"API without registry pair; Ozon";"225701";"212";"uromax_1_1";"WB, Ozon";"wb-api-direct-sku, ozon-api-direct-sku";"2026-05-01";"2026-05-15"
"";"ozon";"micardinforte";"active";"API without registry pair; Ozon";"224218";"461";"micardinforte";"Ozon, ?.??????";"ozon-api-direct-sku, yandex-market-api-direct-sku";"2026-05-01";"2026-05-15"
"";"ya";"urinofix";"active";"API without registry pair; Yandex Market";"219354";"336";"urinofix";"WB, Ozon, ?.??????";"wb-api-direct-sku, ozon-api-direct-sku, yandex-market-api-direct-sku";"2026-05-01";"2026-05-15"
"";"ozon";"sanatsin";"active";"API without registry pair; Ozon";"218892";"367";"sanatsin";"WB, Ozon, ?.??????";"wb-api-direct-sku, ozon-api-direct-sku, yandex-market-api-direct-sku";"2026-05-01";"2026-05-15"
"";"ozon";"synergel_60ml";"active";"API without registry pair; Ozon";"214538";"320";"synergel_60ml";"WB, Ozon, ?.??????";"wb-api-direct-sku, ozon-api-direct-sku, yandex-market-api-direct-sku";"2026-05-01";"2026-05-15"
"";"wb";"allicil_gribok15ml";"active";"API without registry pair; WB";"210837";"356";"allicil_gribok15ml";"WB, Ozon, ?.??????";"wb-api-direct-sku, ozon-api-direct-sku, yandex-market-api-direct-sku";"2026-05-01";"2026-05-15"
"";"ozon";"kavmaz_60ml";"active";"API without registry pair; Ozon";"202947";"260";"kavmaz_60ml";"WB, Ozon, ?.??????";"wb-api-direct-sku, ozon-api-direct-sku, yandex-market-api-direct-sku";"2026-05-01";"2026-05-15"
"";"ozon";"arterol_1_1_1";"active";"API without registry pair; Ozon";"201226";"152";"arterol_1_1_1";"Ozon";"ozon-api-direct-sku";"2026-05-01";"2026-05-15"
"";"ozon";"insulight";"active";"API without registry pair; Ozon";"195405";"238";"insulight";"Ozon, ?.??????";"ozon-api-direct-sku, yandex-market-api-direct-sku";"2026-05-01";"2026-05-15"
"";"ozon";"sanatsin_1_1";"active";"API without registry pair; Ozon";"190202";"225";"sanatsin_1_1";"WB, Ozon, ?.??????";"wb-api-direct-sku, ozon-api-direct-sku, yandex-market-api-direct-sku";"2026-05-01";"2026-05-15"
"";"ozon";"uhovit";"active";"API without registry pair; Ozon";"189308";"152";"uhovit";"Ozon, ?.??????";"ozon-api-direct-sku, yandex-market-api-direct-sku";"2026-05-01";"2026-05-15"
"";"wb";"micardin_1_1";"active";"API without registry pair; WB";"178823";"142";"micardin_1_1";"WB";"wb-api-direct-sku";"2026-05-01";"2026-05-14"
"";"ozon";"wbbiotrin_1_1_1";"active";"API without registry pair; Ozon";"176867";"114";"wbbiotrin_1_1_1";"WB, Ozon";"wb-api-direct-sku, ozon-api-direct-sku";"2026-05-01";"2026-05-15"
"";"wb";"urinofix";"active";"API without registry pair; WB";"170407";"218";"urinofix";"WB, Ozon, ?.??????";"wb-api-direct-sku, ozon-api-direct-sku, yandex-market-api-direct-sku";"2026-05-01";"2026-05-15"
"";"ozon";"cardicin_bad_60caps";"active";"API without registry pair; Ozon";"166725";"150";"cardicin_bad_60caps";"WB, Ozon, ?.??????";"wb-api-direct-sku, ozon-api-direct-sku, yandex-market-api-direct-sku";"2026-05-01";"2026-05-15"
"";"ozon";"artoks_1_1";"active";"API without registry pair; Ozon";"162759";"136";"artoks_1_1";"WB, Ozon";"wb-api-direct-sku, ozon-api-direct-sku";"2026-05-01";"2026-05-15"
"";"wb";"synergel_60ml";"active";"API without registry pair; WB";"151501";"164";"synergel_60ml";"WB, Ozon, ?.??????";"wb-api-direct-sku, ozon-api-direct-sku, yandex-market-api-direct-sku";"2026-05-01";"2026-05-15"
"";"ozon";"yagodniy_spas";"active";"API without registry pair; Ozon";"149015";"239";"yagodniy_spas";"Ozon, ?.??????";"ozon-api-direct-sku, yandex-market-api-direct-sku";"2026-05-01";"2026-05-15"
"";"ozon";"gemorekt";"active";"API without registry pair; Ozon";"141624";"279";"gemorekt";"WB, Ozon, ?.??????";"wb-api-direct-sku, ozon-api-direct-sku, yandex-market-api-direct-sku";"2026-05-01";"2026-05-15"
"";"ozon";"trezax";"active";"API without registry pair; Ozon";"131023";"238";"trezax";"Ozon, ?.??????";"ozon-api-direct-sku, yandex-market-api-direct-sku";"2026-05-01";"2026-05-15"
"";"ozon";"wbmicelix";"active";"API without registry pair; Ozon";"129229";"328";"wbmicelix";"Ozon, ?.??????";"ozon-api-direct-sku, yandex-market-api-direct-sku";"2026-05-01";"2026-05-15"
"";"ozon";"micolan";"active";"API without registry pair; Ozon";"126277";"371";"micolan";"Ozon, ?.??????";"ozon-api-direct-sku, yandex-market-api-direct-sku";"2026-05-01";"2026-05-15"
"";"wb";"kavmaz";"active";"API without registry pair; WB";"118955";"149";"kavmaz";"WB, Ozon, ?.??????";"wb-api-direct-sku, ozon-api-direct-sku, yandex-market-api-direct-sku";"2026-05-01";"2026-05-15"
"";"ya";"okospas";"active";"API without registry pair; Yandex Market";"118371";"150";"okospas";"Ozon, ?.??????";"ozon-api-direct-sku, yandex-market-api-direct-sku";"2026-05-01";"2026-05-15"
"";"ozon";"insulight_1_1";"active";"API without registry pair; Ozon";"114358";"99";"insulight_1_1";"Ozon";"ozon-api-direct-sku";"2026-05-01";"2026-05-15"
"";"wb";"cardicin_bad_60caps";"active";"API without registry pair; WB";"109661";"82";"cardicin_bad_60caps";"WB, Ozon, ?.??????";"wb-api-direct-sku, ozon-api-direct-sku, yandex-market-api-direct-sku";"2026-05-01";"2026-05-15"
"";"wb";"pantogor_100ml";"active";"API without registry pair; WB";"108011";"99";"pantogor_100ml";"WB, Ozon, ?.??????";"wb-api-direct-sku, ozon-api-direct-sku, yandex-market-api-direct-sku";"2026-05-01";"2026-05-15"
"";"wb";"mycoplax";"active";"API without registry pair; WB";"107757";"141";"mycoplax";"WB, Ozon, ?.??????";"wb-api-direct-sku, ozon-api-direct-sku, yandex-market-api-direct-sku";"2026-05-01";"2026-05-15"
"";"ya";"uhovit";"active";"API without registry pair; Yandex Market";"107028";"123";"uhovit";"Ozon, ?.??????";"ozon-api-direct-sku, yandex-market-api-direct-sku";"2026-05-01";"2026-05-15"
"";"ozon";"pantogor_100ml";"active";"API without registry pair; Ozon";"104464";"140";"pantogor_100ml";"WB, Ozon, ?.??????";"wb-api-direct-sku, ozon-api-direct-sku, yandex-market-api-direct-sku";"2026-05-01";"2026-05-15"
"";"ozon";"kinzhal";"active";"API without registry pair; Ozon";"102580";"139";"kinzhal";"Ozon, ?.??????";"ozon-api-direct-sku, yandex-market-api-direct-sku";"2026-05-01";"2026-05-15"
"";"ozon";"urofol";"active";"API without registry pair; Ozon";"95445";"166";"urofol";"Ozon, ?.??????";"ozon-api-direct-sku, yandex-market-api-direct-sku";"2026-05-01";"2026-05-15"
"";"ya";"arterol_1_1";"active";"API without registry pair; Yandex Market";"94911";"87";"arterol_1_1";"Ozon, ?.??????";"ozon-api-direct-sku, yandex-market-api-direct-sku";"2026-05-01";"2026-05-15"
"";"wb";"wbsinergel";"active";"API without registry pair; WB";"92902";"143";"wbsinergel";"WB, Ozon, ?.??????";"wb-api-direct-sku, ozon-api-direct-sku, yandex-market-api-direct-sku";"2026-05-01";"2026-05-15"
"";"ya";"fbs_okospas";"active";"API without registry pair; Yandex Market";"86376";"111";"Витамины для глаз и восстановления зрения Окоспас, глазные капли с лютеином и черникой,  капли для глаз, 10 мл";"?.??????";"yandex-market-api-direct-sku";"2026-05-01";"2026-05-15"
"";"ozon";"artoks_75ml";"active";"API without registry pair; Ozon";"84498";"93";"artoks_75ml";"WB, Ozon, ?.??????";"wb-api-direct-sku, ozon-api-direct-sku, yandex-market-api-direct-sku";"2026-05-01";"2026-05-15"
"";"wb";"wbmicardinforte";"active";"API without registry pair; WB";"84127";"128";"wbmicardinforte";"WB";"wb-api-direct-sku";"2026-05-01";"2026-05-14"
"";"wb";"ekzifol";"active";"API without registry pair; WB";"83369";"126";"ekzifol";"WB, Ozon, ?.??????";"wb-api-direct-sku, ozon-api-direct-sku, yandex-market-api-direct-sku";"2026-05-01";"2026-05-15"
"";"ozon";"mycoplax";"active";"API without registry pair; Ozon";"82339";"161";"mycoplax";"WB, Ozon, ?.??????";"wb-api-direct-sku, ozon-api-direct-sku, yandex-market-api-direct-sku";"2026-05-01";"2026-05-15"
"";"ozon";"vetonus_100ml";"active";"API without registry pair; Ozon";"81953";"178";"vetonus_100ml";"WB, Ozon, ?.??????";"wb-api-direct-sku, ozon-api-direct-sku, yandex-market-api-direct-sku";"2026-05-01";"2026-05-15"
"";"ozon";"wbsinergel";"active";"API without registry pair; Ozon";"80792";"165";"wbsinergel";"WB, Ozon, ?.??????";"wb-api-direct-sku, ozon-api-direct-sku, yandex-market-api-direct-sku";"2026-05-01";"2026-05-15"
"";"wb";"sanatsin";"active";"API without registry pair; WB";"80433";"103";"sanatsin";"WB, Ozon, ?.??????";"wb-api-direct-sku, ozon-api-direct-sku, yandex-market-api-direct-sku";"2026-05-01";"2026-05-15"
"";"ozon";"kinzhal_1_1";"active";"API without registry pair; Ozon";"79830";"79";"kinzhal_1_1";"Ozon";"ozon-api-direct-sku";"2026-05-01";"2026-05-15"
"";"ozon";"yagodniy_spas_1_1";"active";"API without registry pair; Ozon";"78355";"66";"yagodniy_spas_1_1";"Ozon, ?.??????";"ozon-api-direct-sku, yandex-market-api-direct-sku";"2026-05-01";"2026-05-15"
"";"ozon";"kavmaz_40ml_1_1";"active";"API without registry pair; Ozon";"77165";"60";"kavmaz_40ml_1_1";"WB, Ozon, ?.??????";"wb-api-direct-sku, ozon-api-direct-sku, yandex-market-api-direct-sku";"2026-05-01";"2026-05-15"
"";"ya";"biotrin";"active";"API without registry pair; Yandex Market";"76899";"147";"Крем мазь для суставов и связок Биотрин обезболивающий, гель от боли в суставах 30 мл";"?.??????";"yandex-market-api-direct-sku";"2026-05-01";"2026-05-15"
"";"ozon";"okospas";"active";"API without registry pair; Ozon";"75230";"123";"okospas";"Ozon, ?.??????";"ozon-api-direct-sku, yandex-market-api-direct-sku";"2026-05-01";"2026-05-15"
"";"ozon";"oftalmol";"active";"API without registry pair; Ozon";"69301";"100";"oftalmol";"Ozon, ?.??????";"ozon-api-direct-sku, yandex-market-api-direct-sku";"2026-05-01";"2026-05-15"
"";"ya";"trezvin";"active";"API without registry pair; Yandex Market";"68430";"84";"trezvin";"Ozon, ?.??????";"ozon-api-direct-sku, yandex-market-api-direct-sku";"2026-05-01";"2026-05-15"
"";"wb";"sustalit";"active";"API without registry pair; WB";"67612";"96";"sustalit";"WB, Ozon, ?.??????";"wb-api-direct-sku, ozon-api-direct-sku, yandex-market-api-direct-sku";"2026-05-01";"2026-05-15"
"";"goldapple";"maska_dlya_lica_100m";"active";"API without registry pair; Gold Apple";"65598";"66";"Продукция косметическая для ухода за кожей, в том числе в наборах: Маска для проблемной кожи лица м";"??";"SKU_месяцы";"2026-05-01";"2026-05-15"
"";"ya";"kardicin";"active";"API without registry pair; Yandex Market";"65346";"108";"kardicin";"Ozon, ?.??????";"ozon-api-direct-sku, yandex-market-api-direct-sku";"2026-05-01";"2026-05-15"
"";"ya";"oftalmol";"active";"API without registry pair; Yandex Market";"65073";"63";"oftalmol";"Ozon, ?.??????";"ozon-api-direct-sku, yandex-market-api-direct-sku";"2026-05-01";"2026-05-15"
"";"wb";"sinergel_30ml_1_1";"active";"API without registry pair; WB";"64330";"44";"sinergel_30ml_1_1";"WB, Ozon, ?.??????";"wb-api-direct-sku, ozon-api-direct-sku, yandex-market-api-direct-sku";"2026-05-01";"2026-05-15"
"";"ozon";"dardrakona_1_1";"active";"API without registry pair; Ozon";"63866";"111";"dardrakona_1_1";"WB, Ozon, ?.??????";"wb-api-direct-sku, ozon-api-direct-sku, yandex-market-api-direct-sku";"2026-05-01";"2026-05-15"
"";"ya";"fbs_trezax";"active";"API without registry pair; Yandex Market";"62442";"90";"Капли от алкогольной зависимости, детокс организма, средство от алкоголизма и запоя Алтея, Трезакс, 10 мл";"?.??????";"yandex-market-api-direct-sku";"2026-05-09";"2026-05-15"
"";"wb";"kavmaz_40ml_1_1";"active";"API without registry pair; WB";"59797";"35";"kavmaz_40ml_1_1";"WB, Ozon, ?.??????";"wb-api-direct-sku, ozon-api-direct-sku, yandex-market-api-direct-sku";"2026-05-01";"2026-05-15"
"";"ozon";"urolgan";"active";"API without registry pair; Ozon";"58821";"151";"urolgan";"WB, Ozon, ?.??????";"wb-api-direct-sku, ozon-api-direct-sku, yandex-market-api-direct-sku";"2026-05-01";"2026-05-15"
"";"ozon";"urinofix";"active";"API without registry pair; Ozon";"56660";"94";"urinofix";"WB, Ozon, ?.??????";"wb-api-direct-sku, ozon-api-direct-sku, yandex-market-api-direct-sku";"2026-05-01";"2026-05-15"
"";"ozon";"chudogrib";"active";"API without registry pair; Ozon";"56574";"78";"chudogrib";"Ozon, ?.??????";"ozon-api-direct-sku, yandex-market-api-direct-sku";"2026-05-01";"2026-05-15"
"";"wb";"otivin";"active";"API without registry pair; WB";"54567";"69";"otivin";"WB, Ozon, ?.??????";"wb-api-direct-sku, ozon-api-direct-sku, yandex-market-api-direct-sku";"2026-05-01";"2026-05-15"
"";"ozon";"wbbiotrin_1_1";"active";"API without registry pair; Ozon";"54426";"53";"wbbiotrin_1_1";"Ozon";"ozon-api-direct-sku";"2026-05-01";"2026-05-15"
"";"ya";"trezax";"active";"API without registry pair; Yandex Market";"53868";"75";"trezax";"Ozon, ?.??????";"ozon-api-direct-sku, yandex-market-api-direct-sku";"2026-05-01";"2026-05-15"
"";"wb";"uromax";"active";"API without registry pair; WB";"53728";"75";"uromax";"WB, Ozon, ?.??????";"wb-api-direct-sku, ozon-api-direct-sku, yandex-market-api-direct-sku";"2026-05-01";"2026-05-15"
"";"ozon";"pantogor";"active";"API without registry pair; Ozon";"52276";"88";"pantogor";"Ozon";"ozon-api-direct-sku";"2026-05-02";"2026-05-11"
"";"ozon";"brutalax";"active";"API without registry pair; Ozon";"51801";"139";"brutalax";"Ozon, ?.??????";"ozon-api-direct-sku, yandex-market-api-direct-sku";"2026-05-01";"2026-05-15"
"";"ozon";"kardicin";"active";"API without registry pair; Ozon";"48890";"121";"kardicin";"Ozon, ?.??????";"ozon-api-direct-sku, yandex-market-api-direct-sku";"2026-05-01";"2026-05-15"
"";"wb";"micardin";"active";"API without registry pair; WB";"47632";"70";"micardin";"WB, ?.??????";"wb-api-direct-sku, yandex-market-api-direct-sku";"2026-05-01";"2026-05-14"
"";"ozon";"kardicin_1_1";"active";"API without registry pair; Ozon";"47350";"54";"kardicin_1_1";"Ozon, ?.??????";"ozon-api-direct-sku, yandex-market-api-direct-sku";"2026-05-03";"2026-05-15"
"";"ya";"antigiperton";"active";"API without registry pair; Yandex Market";"46314";"54";"Антигипертон,  витамины для сердца и сосудов. средство от давления, чистка сосудов,  комплекс для сердца 10 шт";"?.??????";"yandex-market-api-direct-sku";"2026-05-01";"2026-05-14"
"";"ozon";"sustalit";"active";"API without registry pair; Ozon";"46271";"77";"sustalit";"WB, Ozon, ?.??????";"wb-api-direct-sku, ozon-api-direct-sku, yandex-market-api-direct-sku";"2026-05-01";"2026-05-15"
"";"ya";"kavmaz_40ml_1_1";"active";"API without registry pair; Yandex Market";"46263";"51";"kavmaz_40ml_1_1";"WB, Ozon, ?.??????";"wb-api-direct-sku, ozon-api-direct-sku, yandex-market-api-direct-sku";"2026-05-01";"2026-05-15"
"";"ya";"micardin";"active";"API without registry pair; Yandex Market";"45696";"78";"micardin";"WB, ?.??????";"wb-api-direct-sku, yandex-market-api-direct-sku";"2026-05-01";"2026-05-14"
"";"ozon";"sinergel_30ml_1_1";"active";"API without registry pair; Ozon";"45364";"51";"sinergel_30ml_1_1";"WB, Ozon, ?.??????";"wb-api-direct-sku, ozon-api-direct-sku, yandex-market-api-direct-sku";"2026-05-01";"2026-05-15"
"";"ya";"otivin";"active";"API without registry pair; Yandex Market";"45159";"78";"otivin";"WB, Ozon, ?.??????";"wb-api-direct-sku, ozon-api-direct-sku, yandex-market-api-direct-sku";"2026-05-01";"2026-05-15"
"";"wb";"daoshen";"active";"API without registry pair; WB";"45091";"63";"daoshen";"WB, Ozon, ?.??????";"wb-api-direct-sku, ozon-api-direct-sku, yandex-market-api-direct-sku";"2026-05-01";"2026-05-15"
"";"ya";"uromax";"active";"API without registry pair; Yandex Market";"45003";"57";"uromax";"WB, Ozon, ?.??????";"wb-api-direct-sku, ozon-api-direct-sku, yandex-market-api-direct-sku";"2026-05-01";"2026-05-15"
"";"goldapple";"retinait_krem_025_50";"active";"API without registry pair; Gold Apple";"44784";"38";"Крем с липомосомальным ретинолом (0,1% - 3%), торговая марка Алтея";"??";"SKU_месяцы";"2026-05-01";"2026-05-15"
"";"goldapple";"retinait_syvorotka_1";"active";"API without registry pair; Gold Apple";"43602";"34";"РЕТИНАЙТ сыворотка для лица 30 мл";"??";"SKU_месяцы";"2026-05-01";"2026-05-15"
"";"ya";"arterol";"active";"API without registry pair; Yandex Market";"43200";"51";"arterol";"Ozon, ?.??????";"ozon-api-direct-sku, yandex-market-api-direct-sku";"2026-05-01";"2026-05-15"
"";"ozon";"varifit_1_1";"active";"API without registry pair; Ozon";"43035";"77";"varifit_1_1";"WB, Ozon, ?.??????";"wb-api-direct-sku, ozon-api-direct-sku, yandex-market-api-direct-sku";"2026-05-01";"2026-05-15"
"";"ya";"fbs_arterol";"active";"API without registry pair; Yandex Market";"42822";"54";"Средство от давления, витамины для сердца, чистка сосудов, Алтея, Артерол, 10мл";"?.??????";"yandex-market-api-direct-sku";"2026-05-02";"2026-05-15"
"";"ozon";"daoshen";"active";"API without registry pair; Ozon";"42520";"70";"daoshen";"WB, Ozon, ?.??????";"wb-api-direct-sku, ozon-api-direct-sku, yandex-market-api-direct-sku";"2026-05-01";"2026-05-15"
"";"ya";"micardinforte";"active";"API without registry pair; Yandex Market";"40614";"60";"micardinforte";"Ozon, ?.??????";"ozon-api-direct-sku, yandex-market-api-direct-sku";"2026-05-01";"2026-05-15"
"";"ozon";"wbgetsizegel";"active";"API without registry pair; Ozon";"39662";"111";"wbgetsizegel";"WB, Ozon, ?.??????";"wb-api-direct-sku, ozon-api-direct-sku, yandex-market-api-direct-sku";"2026-05-01";"2026-05-15"
"";"ozon";"otivin";"active";"API without registry pair; Ozon";"39650";"70";"otivin";"WB, Ozon, ?.??????";"wb-api-direct-sku, ozon-api-direct-sku, yandex-market-api-direct-sku";"2026-05-01";"2026-05-15"
"";"ya";"micelix";"active";"API without registry pair; Yandex Market";"38943";"60";"Комплекс Детокс для иммунитета, детокс для очищения печени и кишечника, грибной сбор Мицеликс, 10 саше";"?.??????";"yandex-market-api-direct-sku";"2026-05-01";"2026-05-15"
"";"ozon";"psoral_50ml";"active";"API without registry pair; Ozon";"38593";"61";"psoral_50ml";"WB, Ozon, ?.??????, ??";"wb-api-direct-sku, ozon-api-direct-sku, yandex-market-api-direct-sku, SKU_месяцы";"2026-05-01";"2026-05-15"
"";"ozon";"wbgetsize";"active";"API without registry pair; Ozon";"38009";"65";"wbgetsize";"WB, Ozon";"wb-api-direct-sku, ozon-api-direct-sku";"2026-05-01";"2026-05-15"
"";"wb";"artoks_75ml";"active";"API without registry pair; WB";"37700";"29";"artoks_75ml";"WB, Ozon, ?.??????";"wb-api-direct-sku, ozon-api-direct-sku, yandex-market-api-direct-sku";"2026-05-01";"2026-05-15"
"";"ya";"optitrin";"active";"API without registry pair; Yandex Market";"37659";"63";"Витамины для глаз и зрения с лютеином и черникой, глазные капли Оптитрин, капли для глаз, 7 ампул";"?.??????";"yandex-market-api-direct-sku";"2026-05-01";"2026-05-13"
"";"ozon";"wbpantogor_1_1";"active";"API without registry pair; Ozon";"37430";"32";"wbpantogor_1_1";"WB, Ozon, ?.??????";"wb-api-direct-sku, ozon-api-direct-sku, yandex-market-api-direct-sku";"2026-05-02";"2026-05-14"
"";"wb";"gemorekt";"active";"API without registry pair; WB";"37366";"56";"gemorekt";"WB, Ozon, ?.??????";"wb-api-direct-sku, ozon-api-direct-sku, yandex-market-api-direct-sku";"2026-05-01";"2026-05-15"
"";"ya";"okucin";"active";"API without registry pair; Yandex Market";"37296";"36";"okucin";"Ozon, ?.??????";"ozon-api-direct-sku, yandex-market-api-direct-sku";"2026-05-01";"2026-05-15"
"";"wb";"dardrakona_1_1";"active";"API without registry pair; WB";"34721";"32";"dardrakona_1_1";"WB, Ozon, ?.??????";"wb-api-direct-sku, ozon-api-direct-sku, yandex-market-api-direct-sku";"2026-05-01";"2026-05-15"
"";"ya";"cardicin_bad_60caps";"active";"API without registry pair; Yandex Market";"34557";"39";"cardicin_bad_60caps";"WB, Ozon, ?.??????";"wb-api-direct-sku, ozon-api-direct-sku, yandex-market-api-direct-sku";"2026-05-01";"2026-05-15"
"";"ozon";"wbmicelix_1_1";"active";"API without registry pair; Ozon";"34276";"44";"wbmicelix_1_1";"Ozon";"ozon-api-direct-sku";"2026-05-01";"2026-05-15"
"";"ozon";"ekzifol";"active";"API without registry pair; Ozon";"34178";"116";"ekzifol";"WB, Ozon, ?.??????";"wb-api-direct-sku, ozon-api-direct-sku, yandex-market-api-direct-sku";"2026-05-01";"2026-05-15"
"";"ozon";"arterol";"active";"API without registry pair; Ozon";"34072";"54";"arterol";"Ozon, ?.??????";"ozon-api-direct-sku, yandex-market-api-direct-sku";"2026-05-01";"2026-05-15"
"";"wb";"daoshen_75ml";"active";"API without registry pair; WB";"33347";"31";"daoshen_75ml";"WB, Ozon, ?.??????";"wb-api-direct-sku, ozon-api-direct-sku, yandex-market-api-direct-sku";"2026-05-01";"2026-05-15"
"";"ya";"chudofrukt";"active";"API without registry pair; Yandex Market";"33150";"51";"Шипучие таблетки для похудения, детокс, жиросжигатель,  средство для похудения, Алтея, Чудо фрукт, 10 таблеток";"?.??????";"yandex-market-api-direct-sku";"2026-05-01";"2026-05-04"
"";"ozon";"osteofast";"active";"API without registry pair; Ozon";"33024";"68";"osteofast";"WB, Ozon, ?.??????";"wb-api-direct-sku, ozon-api-direct-sku, yandex-market-api-direct-sku";"2026-05-01";"2026-05-15"
"";"ozon";"dardrakona";"active";"API without registry pair; Ozon";"31338";"52";"dardrakona";"WB, Ozon, ?.??????";"wb-api-direct-sku, ozon-api-direct-sku, yandex-market-api-direct-sku";"2026-05-01";"2026-05-15"
"";"wb";"vetonus";"active";"API without registry pair; WB";"31263";"41";"vetonus";"WB, Ozon, ?.??????";"wb-api-direct-sku, ozon-api-direct-sku, yandex-market-api-direct-sku";"2026-05-01";"2026-05-15"
"";"ya";"fbs_syvorotka_dlya_lica_30ml";"active";"API without registry pair; Yandex Market";"28944";"30";"Сыворотка для лица с ниацинамидом от прыщей и черных точек, от  пигментации, Алтея, 30 мл";"?.??????";"yandex-market-api-direct-sku";"2026-05-01";"2026-05-15"
"";"wb";"vetonus_100ml";"active";"API without registry pair; WB";"28793";"26";"vetonus_100ml";"WB, Ozon, ?.??????";"wb-api-direct-sku, ozon-api-direct-sku, yandex-market-api-direct-sku";"2026-05-01";"2026-05-15"
"";"wb";"osteofast";"active";"API without registry pair; WB";"28463";"36";"osteofast";"WB, Ozon, ?.??????";"wb-api-direct-sku, ozon-api-direct-sku, yandex-market-api-direct-sku";"2026-05-01";"2026-05-15"
"";"ozon";"daoshen_75ml";"active";"API without registry pair; Ozon";"28296";"30";"daoshen_75ml";"WB, Ozon, ?.??????";"wb-api-direct-sku, ozon-api-direct-sku, yandex-market-api-direct-sku";"2026-05-01";"2026-05-15"
"";"ya";"gemorekt";"active";"API without registry pair; Yandex Market";"28050";"51";"gemorekt";"WB, Ozon, ?.??????";"wb-api-direct-sku, ozon-api-direct-sku, yandex-market-api-direct-sku";"2026-05-01";"2026-05-15"
"";"ya";"pirantox";"active";"API without registry pair; Yandex Market";"27924";"33";"Антипаразитарный комплекс от глистов, очищение организма от паразитов, детокс, Алтея, Пирантокс, 10 капсул";"?.??????";"yandex-market-api-direct-sku";"2026-05-01";"2026-05-13"
"";"ya";"insulight";"active";"API without registry pair; Yandex Market";"27807";"33";"insulight";"Ozon, ?.??????";"ozon-api-direct-sku, yandex-market-api-direct-sku";"2026-05-01";"2026-05-15"
"";"wb";"sustalit_30ml_1_1";"active";"API without registry pair; WB";"27675";"21";"sustalit_30ml_1_1";"WB";"wb-api-direct-sku";"2026-05-01";"2026-05-13"
"";"ya";"sustalit_75ml";"active";"API without registry pair; Yandex Market";"26946";"45";"sustalit_75ml";"WB, Ozon, ?.??????";"wb-api-direct-sku, ozon-api-direct-sku, yandex-market-api-direct-sku";"2026-05-01";"2026-05-15"
"";"wb";"varifit";"active";"API without registry pair; WB";"26732";"39";"varifit";"WB, Ozon, ?.??????";"wb-api-direct-sku, ozon-api-direct-sku, yandex-market-api-direct-sku";"2026-05-01";"2026-05-15"
"";"ya";"pantogor_100ml";"active";"API without registry pair; Yandex Market";"26136";"30";"pantogor_100ml";"WB, Ozon, ?.??????";"wb-api-direct-sku, ozon-api-direct-sku, yandex-market-api-direct-sku";"2026-05-01";"2026-05-15"
"";"ozon";"varifit";"active";"API without registry pair; Ozon";"25974";"46";"varifit";"WB, Ozon, ?.??????";"wb-api-direct-sku, ozon-api-direct-sku, yandex-market-api-direct-sku";"2026-05-01";"2026-05-15"
"";"wb";"sanatsin_1_1";"active";"API without registry pair; WB";"25723";"10";"sanatsin_1_1";"WB, Ozon, ?.??????";"wb-api-direct-sku, ozon-api-direct-sku, yandex-market-api-direct-sku";"2026-05-01";"2026-05-15"
"";"ya";"allicil_gribok15ml";"active";"API without registry pair; Yandex Market";"24954";"48";"allicil_gribok15ml";"WB, Ozon, ?.??????";"wb-api-direct-sku, ozon-api-direct-sku, yandex-market-api-direct-sku";"2026-05-01";"2026-05-15"
"";"ya";"ekzifol";"active";"API without registry pair; Yandex Market";"23937";"36";"ekzifol";"WB, Ozon, ?.??????";"wb-api-direct-sku, ozon-api-direct-sku, yandex-market-api-direct-sku";"2026-05-01";"2026-05-15"
"";"ozon";"trezor";"active";"API without registry pair; Ozon";"23779";"37";"trezor";"Ozon, ?.??????";"ozon-api-direct-sku, yandex-market-api-direct-sku";"2026-05-01";"2026-05-15"
"";"ozon";"khvoinitsa";"active";"API without registry pair; Ozon";"22903";"49";"khvoinitsa";"WB, Ozon";"wb-api-direct-sku, ozon-api-direct-sku";"2026-05-04";"2026-05-15"
"";"ya";"enteroshol";"active";"API without registry pair; Yandex Market";"22629";"27";"Таблетки от изжоги, для желудка и печени, средство для улучшения пищеварения, нормализация ЖКТ  Энтеросхол, 20 капсул";"?.??????";"yandex-market-api-direct-sku";"2026-05-05";"2026-05-14"
"";"ya";"psoral_50ml";"active";"API without registry pair; Yandex Market";"22395";"36";"psoral_50ml";"WB, Ozon, ?.??????, ??";"wb-api-direct-sku, ozon-api-direct-sku, yandex-market-api-direct-sku, SKU_месяцы";"2026-05-01";"2026-05-15"
"";"ya";"sanatsin_1_1";"active";"API without registry pair; Yandex Market";"21555";"24";"sanatsin_1_1";"WB, Ozon, ?.??????";"wb-api-direct-sku, ozon-api-direct-sku, yandex-market-api-direct-sku";"2026-05-01";"2026-05-15"
"";"ozon";"psoral";"active";"API without registry pair; Ozon";"21378";"37";"psoral";"WB, Ozon, ?.??????";"wb-api-direct-sku, ozon-api-direct-sku, yandex-market-api-direct-sku";"2026-05-01";"2026-05-15"
"";"ya";"trezor";"active";"API without registry pair; Yandex Market";"21054";"27";"trezor";"Ozon, ?.??????";"ozon-api-direct-sku, yandex-market-api-direct-sku";"2026-05-01";"2026-05-15"
"";"ozon";"allicil_gribok15ml";"active";"API without registry pair; Ozon";"20950";"64";"allicil_gribok15ml";"WB, Ozon, ?.??????";"wb-api-direct-sku, ozon-api-direct-sku, yandex-market-api-direct-sku";"2026-05-01";"2026-05-15"
"";"ya";"artoks_75ml";"active";"API without registry pair; Yandex Market";"20937";"30";"artoks_75ml";"WB, Ozon, ?.??????";"wb-api-direct-sku, ozon-api-direct-sku, yandex-market-api-direct-sku";"2026-05-01";"2026-05-15"
"";"ya";"synergel_60ml";"active";"API without registry pair; Yandex Market";"20568";"30";"synergel_60ml";"WB, Ozon, ?.??????";"wb-api-direct-sku, ozon-api-direct-sku, yandex-market-api-direct-sku";"2026-05-01";"2026-05-15"
"";"ya";"dardrakona_1_1";"active";"API without registry pair; Yandex Market";"20469";"27";"dardrakona_1_1";"WB, Ozon, ?.??????";"wb-api-direct-sku, ozon-api-direct-sku, yandex-market-api-direct-sku";"2026-05-01";"2026-05-15"
"";"ozon";"erobrut";"active";"API without registry pair; Ozon";"18707";"35";"erobrut";"WB, Ozon, ?.??????";"wb-api-direct-sku, ozon-api-direct-sku, yandex-market-api-direct-sku";"2026-05-01";"2026-05-15"
"";"ya";"daoshen_75ml";"active";"API without registry pair; Yandex Market";"18618";"33";"daoshen_75ml";"WB, Ozon, ?.??????";"wb-api-direct-sku, ozon-api-direct-sku, yandex-market-api-direct-sku";"2026-05-01";"2026-05-15"
"";"ya";"sanatsin";"active";"API without registry pair; Yandex Market";"18021";"30";"sanatsin";"WB, Ozon, ?.??????";"wb-api-direct-sku, ozon-api-direct-sku, yandex-market-api-direct-sku";"2026-05-01";"2026-05-15"
"";"ozon";"vetonus_1_1";"active";"API without registry pair; Ozon";"17860";"27";"vetonus_1_1";"WB, Ozon";"wb-api-direct-sku, ozon-api-direct-sku";"2026-05-01";"2026-05-14"
"";"ozon";"wbbiotrin";"active";"API without registry pair; Ozon";"17774";"17";"wbbiotrin";"Ozon";"ozon-api-direct-sku";"2026-05-03";"2026-05-13"
"";"ya";"chudogrib";"active";"API without registry pair; Yandex Market";"17490";"21";"chudogrib";"Ozon, ?.??????";"ozon-api-direct-sku, yandex-market-api-direct-sku";"2026-05-01";"2026-05-15"
"";"ya";"fbs_trezvin";"active";"API without registry pair; Yandex Market";"17136";"21";"Капсулы от алкогольной зависимости Трезвин,  детокс организма,  средство от алкоголизма и запоя,  20 шт";"?.??????";"yandex-market-api-direct-sku";"2026-05-03";"2026-05-13"
"";"ya";"wboptitrin";"active";"API without registry pair; Yandex Market";"17088";"21";"wboptitrin";"Ozon, ?.??????";"ozon-api-direct-sku, yandex-market-api-direct-sku";"2026-05-02";"2026-05-15"
"";"ya";"micolan";"active";"API without registry pair; Yandex Market";"16782";"30";"micolan";"Ozon, ?.??????";"ozon-api-direct-sku, yandex-market-api-direct-sku";"2026-05-01";"2026-05-15"
"";"ya";"fruitalica";"active";"API without registry pair; Yandex Market";"16422";"33";"fruitalica";"Ozon, ?.??????";"ozon-api-direct-sku, yandex-market-api-direct-sku";"2026-05-01";"2026-05-15"
"";"ozon";"arterol_1_1";"active";"API without registry pair; Ozon";"15883";"18";"arterol_1_1";"Ozon, ?.??????";"ozon-api-direct-sku, yandex-market-api-direct-sku";"2026-05-01";"2026-05-15"
"";"wb";"dardrakona_75ml";"active";"API without registry pair; WB";"15862";"20";"dardrakona_75ml";"WB, Ozon, ?.??????";"wb-api-direct-sku, ozon-api-direct-sku, yandex-market-api-direct-sku";"2026-05-01";"2026-05-14"
"";"wb";"vetonus_1_1";"active";"API without registry pair; WB";"15260";"13";"vetonus_1_1";"WB, Ozon";"wb-api-direct-sku, ozon-api-direct-sku";"2026-05-01";"2026-05-14"
"";"wb";"psoral_50ml";"active";"API without registry pair; WB";"14794";"17";"psoral_50ml";"WB, Ozon, ?.??????, ??";"wb-api-direct-sku, ozon-api-direct-sku, yandex-market-api-direct-sku, SKU_месяцы";"2026-05-01";"2026-05-15"
"";"ozon";"wboptitrin";"active";"API without registry pair; Ozon";"14411";"37";"wboptitrin";"Ozon, ?.??????";"ozon-api-direct-sku, yandex-market-api-direct-sku";"2026-05-02";"2026-05-15"
"";"ozon";"okucin";"active";"API without registry pair; Ozon";"14144";"31";"okucin";"Ozon, ?.??????";"ozon-api-direct-sku, yandex-market-api-direct-sku";"2026-05-01";"2026-05-15"
"";"ya";"kardicin_1_1";"active";"API without registry pair; Yandex Market";"13692";"12";"kardicin_1_1";"Ozon, ?.??????";"ozon-api-direct-sku, yandex-market-api-direct-sku";"2026-05-03";"2026-05-15"
"";"wb";"uromax_1_1";"active";"API without registry pair; WB";"13374";"7";"uromax_1_1";"WB, Ozon";"wb-api-direct-sku, ozon-api-direct-sku";"2026-05-01";"2026-05-15"
"";"ozon";"papiderm";"active";"API without registry pair; Ozon";"13289";"34";"papiderm";"Ozon, ?.??????";"ozon-api-direct-sku, yandex-market-api-direct-sku";"2026-05-01";"2026-05-13"
"";"ya";"yagodniy_spas_1_1";"active";"API without registry pair; Yandex Market";"13104";"9";"yagodniy_spas_1_1";"Ozon, ?.??????";"ozon-api-direct-sku, yandex-market-api-direct-sku";"2026-05-01";"2026-05-15"
"";"ya";"biotrin_60ml";"active";"API without registry pair; Yandex Market";"13014";"21";"Мазь для суставов обезболивающая, крем панты морала, хондротин, гель глюкозамин, бальзам Биотрин, 60 мл";"?.??????";"yandex-market-api-direct-sku";"2026-05-02";"2026-05-10"
"";"ya";"wbgetsizegel";"active";"API without registry pair; Yandex Market";"12375";"27";"wbgetsizegel";"WB, Ozon, ?.??????";"wb-api-direct-sku, ozon-api-direct-sku, yandex-market-api-direct-sku";"2026-05-01";"2026-05-15"
"";"ya";"kinzhal";"active";"API without registry pair; Yandex Market";"12033";"18";"kinzhal";"Ozon, ?.??????";"ozon-api-direct-sku, yandex-market-api-direct-sku";"2026-05-01";"2026-05-15"
"";"ya";"dardrakona_75ml";"active";"API without registry pair; Yandex Market";"11814";"15";"dardrakona_75ml";"WB, Ozon, ?.??????";"wb-api-direct-sku, ozon-api-direct-sku, yandex-market-api-direct-sku";"2026-05-01";"2026-05-14"
"";"ya";"wbsinergel";"active";"API without registry pair; Yandex Market";"11508";"21";"wbsinergel";"WB, Ozon, ?.??????";"wb-api-direct-sku, ozon-api-direct-sku, yandex-market-api-direct-sku";"2026-05-01";"2026-05-15"
"";"ya";"kavmaz_60ml";"active";"API without registry pair; Yandex Market";"11493";"15";"kavmaz_60ml";"WB, Ozon, ?.??????";"wb-api-direct-sku, ozon-api-direct-sku, yandex-market-api-direct-sku";"2026-05-01";"2026-05-15"
"";"wb";"dardrakona";"active";"API without registry pair; WB";"11138";"14";"dardrakona";"WB, Ozon, ?.??????";"wb-api-direct-sku, ozon-api-direct-sku, yandex-market-api-direct-sku";"2026-05-01";"2026-05-15"
"";"ozon";"fruitalica";"active";"API without registry pair; Ozon";"10573";"27";"fruitalica";"Ozon, ?.??????";"ozon-api-direct-sku, yandex-market-api-direct-sku";"2026-05-01";"2026-05-15"
"";"ozon";"glukofol";"active";"API without registry pair; Ozon";"10547";"29";"glukofol";"Ozon";"ozon-api-direct-sku";"2026-05-03";"2026-05-15"
"";"ozon";"glikiron";"active";"API without registry pair; Ozon";"10420";"27";"glikiron";"Ozon";"ozon-api-direct-sku";"2026-05-01";"2026-05-15"
"";"ya";"erobrut";"active";"API without registry pair; Yandex Market";"10395";"15";"erobrut";"WB, Ozon, ?.??????";"wb-api-direct-sku, ozon-api-direct-sku, yandex-market-api-direct-sku";"2026-05-01";"2026-05-15"
"";"wb";"dolgar";"active";"API without registry pair; WB";"10240";"14";"dolgar";"WB, Ozon";"wb-api-direct-sku, ozon-api-direct-sku";"2026-05-02";"2026-05-15"
"";"ozon";"wowglam";"active";"API without registry pair; Ozon";"10086";"7";"wowglam";"Ozon, ?.??????";"ozon-api-direct-sku, yandex-market-api-direct-sku";"2026-05-01";"2026-05-15"
"";"wb";"khvoinitsa_1_1";"active";"API without registry pair; WB";"10010";"8";"khvoinitsa_1_1";"WB, Ozon";"wb-api-direct-sku, ozon-api-direct-sku";"2026-05-02";"2026-05-14"
"";"ya";"osteofast";"active";"API without registry pair; Yandex Market";"10002";"15";"osteofast";"WB, Ozon, ?.??????";"wb-api-direct-sku, ozon-api-direct-sku, yandex-market-api-direct-sku";"2026-05-01";"2026-05-15"
"";"ya";"getsize";"active";"API without registry pair; Yandex Market";"9897";"21";"Эрекционная насадка для увеличения члена, мастурбатор, секс игрушки 18+";"?.??????";"yandex-market-api-direct-sku";"2026-05-02";"2026-05-15"
"";"wb";"micardin_1_1_1";"active";"API without registry pair; WB";"9876";"5";"micardin_1_1_1";"WB";"wb-api-direct-sku";"2026-05-03";"2026-05-06"
"";"ya";"yagodniy_spas";"active";"API without registry pair; Yandex Market";"9864";"12";"yagodniy_spas";"Ozon, ?.??????";"ozon-api-direct-sku, yandex-market-api-direct-sku";"2026-05-01";"2026-05-15"
"";"ya";"daoshen";"active";"API without registry pair; Yandex Market";"9690";"18";"daoshen";"WB, Ozon, ?.??????";"wb-api-direct-sku, ozon-api-direct-sku, yandex-market-api-direct-sku";"2026-05-01";"2026-05-15"
"";"ya";"fbs_retiderm_50ml";"active";"API without registry pair; Yandex Market";"9666";"9";"Крем для лица антивозрастной с ретинолом 0,5, сыворотка для лица от морщин и пигментных пятен, Ретидерм, 50 мл";"?.??????";"yandex-market-api-direct-sku";"2026-05-01";"2026-05-11"
"";"goldapple";"shampun_dlya_rosta_2";"active";"API without registry pair; Gold Apple";"9646";"14";"Шампунь для роста волос, от выпадения волос профессиональный, Алтея, 250 мл";"??";"SKU_месяцы";"2026-05-01";"2026-05-15"
"";"wb";"wbbiotrin_1_1_1";"active";"API without registry pair; WB";"9385";"6";"wbbiotrin_1_1_1";"WB, Ozon";"wb-api-direct-sku, ozon-api-direct-sku";"2026-05-01";"2026-05-15"
"";"ozon";"dolgar";"active";"API without registry pair; Ozon";"9336";"24";"dolgar";"WB, Ozon";"wb-api-direct-sku, ozon-api-direct-sku";"2026-05-02";"2026-05-15"
"";"ya";"mycoplax";"active";"API without registry pair; Yandex Market";"9330";"15";"mycoplax";"WB, Ozon, ?.??????";"wb-api-direct-sku, ozon-api-direct-sku, yandex-market-api-direct-sku";"2026-05-01";"2026-05-15"
"";"goldapple";"retinait_krem_05_50m";"active";"API without registry pair; Gold Apple";"9066";"10";"Ретинайт 0,5 экспресс-омоложение Anti-Age Липосомальный комплекс ретинола 0,5 + Ниацинамид 50 мл";"??";"SKU_месяцы";"2026-05-01";"2026-05-15"
"";"goldapple";"maslo_dlya_borodi_50";"active";"API without registry pair; Gold Apple";"9064";"12";"Средство косметическое для ухода за волосами: масло для бороды, маркировка: Алтея.";"??";"SKU_месяцы";"2026-05-01";"2026-05-15"
"";"wb";"mycoplax_1_1";"active";"API without registry pair; WB";"9007";"5";"mycoplax_1_1";"WB, Ozon";"wb-api-direct-sku, ozon-api-direct-sku";"2026-05-01";"2026-05-15"
"";"ya";"t34poten10caps";"active";"API without registry pair; Yandex Market";"8967";"15";"Возбудитель для мужчин, таблетки для потенции и эрекции, капсулы для мужчин для секса, 18+, Т-34, 10 шт.";"?.??????";"yandex-market-api-direct-sku";"2026-05-13";"2026-05-14"
"";"ya";"sustalit";"active";"API without registry pair; Yandex Market";"8934";"18";"sustalit";"WB, Ozon, ?.??????";"wb-api-direct-sku, ozon-api-direct-sku, yandex-market-api-direct-sku";"2026-05-01";"2026-05-15"
"";"goldapple";"psoral_50ml";"active";"API without registry pair; Gold Apple";"8928";"8";"psoral_50ml";"WB, Ozon, ?.??????, ??";"wb-api-direct-sku, ozon-api-direct-sku, yandex-market-api-direct-sku, SKU_месяцы";"2026-05-01";"2026-05-15"
"";"ya";"sinergel";"active";"API without registry pair; Yandex Market";"8568";"15";"Крем мазь для суставов и связок Синергель обезболивающий, противовоспалительный гель от боли, от отеков в ногах 30 мл";"?.??????";"yandex-market-api-direct-sku";"2026-05-11";"2026-05-14"
"";"ya";"wowglam";"active";"API without registry pair; Yandex Market";"8262";"12";"wowglam";"Ozon, ?.??????";"ozon-api-direct-sku, yandex-market-api-direct-sku";"2026-05-01";"2026-05-15"
"";"ozon";"khvoinitsa_1_1";"active";"API without registry pair; Ozon";"8154";"13";"khvoinitsa_1_1";"WB, Ozon";"wb-api-direct-sku, ozon-api-direct-sku";"2026-05-02";"2026-05-14"
"";"ya";"sinergel_30ml_1_1";"active";"API without registry pair; Yandex Market";"7794";"9";"sinergel_30ml_1_1";"WB, Ozon, ?.??????";"wb-api-direct-sku, ozon-api-direct-sku, yandex-market-api-direct-sku";"2026-05-01";"2026-05-15"
"";"goldapple";"shampun_protiv_perho";"active";"API without registry pair; Gold Apple";"7490";"10";"Шампунь от перхоти лечебный с климбазолом Алтея, 250мл";"??";"SKU_месяцы";"2026-05-01";"2026-05-15"
"";"wb";"activeprost";"active";"API without registry pair; WB";"7160";"11";"activeprost";"WB, Ozon";"wb-api-direct-sku, ozon-api-direct-sku";"2026-05-01";"2026-05-15"
"";"wb";"wbvaritox";"active";"API without registry pair; WB";"6484";"9";"wbvaritox";"WB, ?.??????";"wb-api-direct-sku, yandex-market-api-direct-sku";"2026-05-02";"2026-05-14"
"";"ya";"wbvaritox";"active";"API without registry pair; Yandex Market";"6300";"9";"wbvaritox";"WB, ?.??????";"wb-api-direct-sku, yandex-market-api-direct-sku";"2026-05-02";"2026-05-14"
"";"ya";"urolgan";"active";"API without registry pair; Yandex Market";"6174";"9";"urolgan";"WB, Ozon, ?.??????";"wb-api-direct-sku, ozon-api-direct-sku, yandex-market-api-direct-sku";"2026-05-01";"2026-05-15"
"";"wb";"wbgetsizegel";"active";"API without registry pair; WB";"6044";"13";"wbgetsizegel";"WB, Ozon, ?.??????";"wb-api-direct-sku, ozon-api-direct-sku, yandex-market-api-direct-sku";"2026-05-01";"2026-05-15"
"";"ya";"kavmaz";"active";"API without registry pair; Yandex Market";"5922";"9";"kavmaz";"WB, Ozon, ?.??????";"wb-api-direct-sku, ozon-api-direct-sku, yandex-market-api-direct-sku";"2026-05-01";"2026-05-15"
"";"ya";"brutalax";"active";"API without registry pair; Yandex Market";"5616";"12";"brutalax";"Ozon, ?.??????";"ozon-api-direct-sku, yandex-market-api-direct-sku";"2026-05-01";"2026-05-15"
"";"ya";"kardicin_1_1_1";"active";"API without registry pair; Yandex Market";"5160";"3";"kardicin_1_1_1";"Ozon, ?.??????";"ozon-api-direct-sku, yandex-market-api-direct-sku";"2026-05-01";"2026-05-15"
"";"ozon";"mycoplax_1_1";"active";"API without registry pair; Ozon";"5148";"6";"mycoplax_1_1";"WB, Ozon";"wb-api-direct-sku, ozon-api-direct-sku";"2026-05-01";"2026-05-15"
"";"ya";"varifit_1_1";"active";"API without registry pair; Yandex Market";"5016";"6";"varifit_1_1";"WB, Ozon, ?.??????";"wb-api-direct-sku, ozon-api-direct-sku, yandex-market-api-direct-sku";"2026-05-01";"2026-05-15"
"";"ya";"fbs_yagodniy_spas";"active";"API without registry pair; Yandex Market";"4860";"6";"Антипаразитарный комплекс от глистов и паразитов, очищение организма, от гельминтов, детокс, Алтея, Ягодный спас, 10 таб";"?.??????";"yandex-market-api-direct-sku";"2026-05-13";"2026-05-15"
"";"wb";"urolgan";"active";"API without registry pair; WB";"4505";"9";"urolgan";"WB, Ozon, ?.??????";"wb-api-direct-sku, ozon-api-direct-sku, yandex-market-api-direct-sku";"2026-05-01";"2026-05-15"
"";"ya";"vetonus_100ml";"active";"API without registry pair; Yandex Market";"3960";"6";"vetonus_100ml";"WB, Ozon, ?.??????";"wb-api-direct-sku, ozon-api-direct-sku, yandex-market-api-direct-sku";"2026-05-01";"2026-05-15"
"";"wb";"psoral";"active";"API without registry pair; WB";"3890";"5";"psoral";"WB, Ozon, ?.??????";"wb-api-direct-sku, ozon-api-direct-sku, yandex-market-api-direct-sku";"2026-05-01";"2026-05-15"
"";"ya";"dardrakona";"active";"API without registry pair; Yandex Market";"3486";"6";"dardrakona";"WB, Ozon, ?.??????";"wb-api-direct-sku, ozon-api-direct-sku, yandex-market-api-direct-sku";"2026-05-01";"2026-05-15"
"";"wb";"erobrut";"active";"API without registry pair; WB";"3395";"5";"erobrut";"WB, Ozon, ?.??????";"wb-api-direct-sku, ozon-api-direct-sku, yandex-market-api-direct-sku";"2026-05-01";"2026-05-15"
"";"ya";"vetonus";"active";"API without registry pair; Yandex Market";"3342";"6";"vetonus";"WB, Ozon, ?.??????";"wb-api-direct-sku, ozon-api-direct-sku, yandex-market-api-direct-sku";"2026-05-01";"2026-05-15"
"";"wb";"wbpantogor_1_1";"active";"API without registry pair; WB";"2973";"2";"wbpantogor_1_1";"WB, Ozon, ?.??????";"wb-api-direct-sku, ozon-api-direct-sku, yandex-market-api-direct-sku";"2026-05-02";"2026-05-14"
"";"ya";"papiderm";"active";"API without registry pair; Yandex Market";"2916";"6";"papiderm";"Ozon, ?.??????";"ozon-api-direct-sku, yandex-market-api-direct-sku";"2026-05-01";"2026-05-13"
"";"goldapple";"tonik_dlya_lica_200m";"active";"API without registry pair; Gold Apple";"2828";"4";"Тоник для лица очищающий, увлажняющий тонер, лосьон от пигментации, от прыщей и акне, черных точек д";"??";"SKU_месяцы";"2026-05-01";"2026-05-15"
"";"wb";"artoks_1_1";"active";"API without registry pair; WB";"2807";"2";"artoks_1_1";"WB, Ozon";"wb-api-direct-sku, ozon-api-direct-sku";"2026-05-01";"2026-05-15"
"";"wb";"varifit_1_1";"active";"API without registry pair; WB";"2629";"2";"varifit_1_1";"WB, Ozon, ?.??????";"wb-api-direct-sku, ozon-api-direct-sku, yandex-market-api-direct-sku";"2026-05-01";"2026-05-15"
"";"ya";"wbmicelix";"active";"API without registry pair; Yandex Market";"2619";"3";"wbmicelix";"Ozon, ?.??????";"ozon-api-direct-sku, yandex-market-api-direct-sku";"2026-05-01";"2026-05-15"
"";"ya";"wbpantogor_1_1";"active";"API without registry pair; Yandex Market";"2388";"3";"wbpantogor_1_1";"WB, Ozon, ?.??????";"wb-api-direct-sku, ozon-api-direct-sku, yandex-market-api-direct-sku";"2026-05-02";"2026-05-14"
"";"ya";"varifit";"active";"API without registry pair; Yandex Market";"1971";"3";"varifit";"WB, Ozon, ?.??????";"wb-api-direct-sku, ozon-api-direct-sku, yandex-market-api-direct-sku";"2026-05-01";"2026-05-15"
"";"ya";"psoral";"active";"API without registry pair; Yandex Market";"1764";"3";"psoral";"WB, Ozon, ?.??????";"wb-api-direct-sku, ozon-api-direct-sku, yandex-market-api-direct-sku";"2026-05-01";"2026-05-15"
"";"ozon";"dardrakona_75ml";"active";"API without registry pair; Ozon";"1340";"4";"dardrakona_75ml";"WB, Ozon, ?.??????";"wb-api-direct-sku, ozon-api-direct-sku, yandex-market-api-direct-sku";"2026-05-01";"2026-05-14"
"";"goldapple";"nabor_penka_dlya_res";"active";"API without registry pair; Gold Apple";"1318";"2";"Пенка для очищения ресниц, торговая марка Алтея.";"??";"SKU_месяцы";"2026-05-01";"2026-05-15"
"";"wb";"khvoinitsa";"active";"API without registry pair; WB";"1252";"2";"khvoinitsa";"WB, Ozon";"wb-api-direct-sku, ozon-api-direct-sku";"2026-05-04";"2026-05-15"
"";"ozon";"4094166081";"active";"API without registry pair; Ozon";"1077";"1";"4094166081";"Ozon";"ozon-api-direct-sku";"2026-05-03";"2026-05-03"
"";"wb";"wbgetsize";"active";"API without registry pair; WB";"984";"1";"wbgetsize";"WB, Ozon";"wb-api-direct-sku, ozon-api-direct-sku";"2026-05-01";"2026-05-15"
"";"ozon";"wbalkotoxic";"active";"API without registry pair; Ozon";"511";"1";"wbalkotoxic";"Ozon";"ozon-api-direct-sku";"2026-05-06";"2026-05-06"
"";"wb";"otz_fbs6_curly_method_300ml";"active";"API without registry pair; WB";"367";"1";"otz_fbs6_curly_method_300ml";"WB";"wb-api-direct-sku";"2026-05-06";"2026-05-06"
"";"ozon";"4143253129";"active";"API without registry pair; Ozon";"240";"1";"4143253129";"Ozon";"ozon-api-direct-sku";"2026-05-04";"2026-05-04"